{"_id":{"$oid":"5cdf9a6a03dfdc27f48f62d1"},"card_holder_name":"Dishan","card_number":"254567233465","cash_in_point":"500","__v":0}
{"_id":{"$oid":"5cdfa22d03dfdc27f48f62d4"},"card_holder_name":"Dishan","card_number":"4123431366987","cvv":"852","cash_in_point":"345","__v":0}
{"_id":{"$oid":"5ce141486a9e7f29409a30f0"},"card_holder_name":"","card_number":"","cvv":"","cash_in_point":"","__v":0}
{"_id":{"$oid":"5ce15e826a9e7f29409a30f2"},"card_holder_name":"","card_number":"","cvv":"","cash_in_point":"","__v":0}
{"_id":{"$oid":"5ce15f236a9e7f29409a30f3"},"card_holder_name":"","card_number":"","cvv":"","cash_in_point":"","__v":0}
{"_id":{"$oid":"5ce1e06f6a9e7f29409a30f4"},"card_holder_name":"Senaratne","card_number":"4223413238933","cvv":"561","cash_in_point":"230","__v":0}
