{"_id":{"$oid":"5cddb9f5c6deb52244ec9f62"},"train_name":"Sagarika","departure_time":"5.23","distance":"134km","price":"115","arrival_time":"9.05","T_details_completed":false,"__v":0}
{"_id":{"$oid":"5cddbb1bc6deb52244ec9f63"},"train_name":"Podi Menike","departure_time":"5.55","distance":"156km","price":"135","arrival_time":"10.12","T_details_completed":false,"__v":0}
{"_id":{"$oid":"5cddbc5bc6deb52244ec9f64"},"train_name":"Inter City","departure_time":"7.00","distance":"210km","price":"240","arrival_time":"15.12","T_details_completed":false,"__v":0}
{"_id":{"$oid":"5cddbcacc6deb52244ec9f65"},"train_name":"Udarata Manika","departure_time":"9.45","distance":"510km","price":"350","arrival_time":"17.12","T_details_completed":false,"__v":0}
{"_id":{"$oid":"5cddbcebc6deb52244ec9f66"},"train_name":"Ruhunu Kumari","departure_time":"10.05","distance":"510km","price":"210","arrival_time":"13.12","T_details_completed":false,"__v":0}
{"_id":{"$oid":"5cddbd3ac6deb52244ec9f67"},"train_name":"Night Mail","departure_time":"16.05","distance":"305km","price":"333","arrival_time":"18.12","T_details_completed":false,"__v":0}
{"_id":{"$oid":"5ce0e50033a8002690bd47fa"},"train_name":"Rajarata Rajini","departure_time":"9.15","distance":"209km","price":"153","arrival_time":"15.55","T_details_completed":false,"__v":0}
{"_id":{"$oid":"5ce0e55933a8002690bd47fb"},"train_name":"Yaldeve","departure_time":"5.45","distance":"209km","price":"153","arrival_time":"11.50","T_details_completed":false,"__v":0}
{"_id":{"$oid":"5ce0e7ba33a8002690bd47fc"},"train_name":"Express train","departure_time":"15.45","distance":"209km","price":"153","arrival_time":"20.40","T_details_completed":false,"__v":0}
