{"_id":{"$oid":"5cdb2331d78a3d18c0f6e2e8"},"user_name":"Dishan","email":"madu909@gmail.com","password":"1234","confirm_password":"1234","address":"tygtr","SignUp_completed":false,"__v":0}
{"_id":{"$oid":"5cdb3337d564531e70380c28"},"user_name":"Dishan","email":"madu@gmail.com","password":"1234","confirm_password":"1234","address":"premarathana road ,welhengoda,Ahangama","SignUp_completed":false,"__v":0}
{"_id":{"$oid":"5cdc7514df19f63144ad4170"},"user_name":"Thilina","email":"madu@gmail.com","password":"1234","confirm_password":"1234","address":"premarathana road ,welhengoda,Ahangama","SignUp_completed":false,"__v":0}
{"_id":{"$oid":"5cdc8579e3d114325cc26644"},"user_name":"Tharin","email":"ds909@gmail.com","password":"","confirm_password":"","address":"","SignUp_completed":false,"__v":0}
{"_id":{"$oid":"5cdc87969e35b34c6488506c"},"user_name":"Dishan","email":"ds@gmail.com","password":"","confirm_password":"","address":"","SignUp_completed":false,"__v":0}
{"_id":{"$oid":"5cdc8a8d82572c22c8702808"},"user_name":"Senaratne","email":"ds@gmail.com","password":"","confirm_password":"","address":"","SignUp_completed":false,"__v":0}
{"_id":{"$oid":"5cdc929348a34326b0113e6b"},"user_name":"Senaratne","email":"ds@gmail.com","password":"","confirm_password":"","address":"","SignUp_completed":false,"__v":0}
{"_id":{"$oid":"5cdc9d19a144590758c38eea"},"user_name":"Dish","email":"ds@gmail.com","password":"ty","confirm_password":"kl","address":"op","SignUp_completed":true,"__v":0}
{"_id":{"$oid":"5cdc9eaba144590758c38eeb"},"user_name":"Dish","email":"ds@gmail.com","password":"","confirm_password":"","address":"","SignUp_completed":false,"__v":0}
{"_id":{"$oid":"5cdd645fc6deb52244ec9f5c"},"user_name":"Ishan","email":"ishan@gmail.com","password":"1234","confirm_password":"1234","address":"sansare","SignUp_completed":false,"__v":0}
{"_id":{"$oid":"5cddb595c6deb52244ec9f5d"},"user_name":"","email":"","password":"jjbjb","confirm_password":"","address":"","SignUp_completed":false,"__v":0}
{"_id":{"$oid":"5cddb597c6deb52244ec9f5e"},"user_name":"","email":"","password":"","confirm_password":"","address":"","SignUp_completed":false,"__v":0}
{"_id":{"$oid":"5cddb597c6deb52244ec9f5f"},"user_name":"","email":"","password":"","confirm_password":"","address":"","SignUp_completed":false,"__v":0}
{"_id":{"$oid":"5cddb597c6deb52244ec9f60"},"user_name":"","email":"","password":"","confirm_password":"","address":"","SignUp_completed":false,"__v":0}
{"_id":{"$oid":"5ce151d16a9e7f29409a30f1"},"user_name":"","email":"","password":"","confirm_password":"","address":"","nic_number":"","SignUp_completed":false,"__v":0}
