<?xml version="1.0" encoding="UTF-8"?><artifacts>
    <artifact name="AddPayment" groupId="com.example.Email&amp;msg.endpoint" version="1.0.0" type="synapse/endpoint" serverRole="EnterpriseServiceBus">
        <file>src/main/synapse-config/endpoints/AddPayment.xml</file>
    </artifact>
    <artifact name="ConfirmApi" groupId="com.example.Email&amp;msg.api" version="1.0.0" type="synapse/api" serverRole="EnterpriseServiceBus">
        <file>src/main/synapse-config/api/ConfirmApi.xml</file>
    </artifact>
    <artifact name="Add_Sampath_Payment" groupId="com.example.Email&amp;msg.endpoint" version="1.0.0" type="synapse/endpoint" serverRole="EnterpriseServiceBus">
        <file>src/main/synapse-config/endpoints/Add_Sampath_Payment.xml</file>
    </artifact>
    <artifact name="ConfirmAPi2" groupId="com.example.Email&amp;msg.api" version="1.0.0" type="synapse/api" serverRole="EnterpriseServiceBus">
        <file>src/main/synapse-config/api/ConfirmAPi2.xml</file>
    </artifact>
    <artifact name="GovermentEmployee" groupId="com.example.Email&amp;msg.endpoint" version="1.0.0" type="synapse/endpoint" serverRole="EnterpriseServiceBus">
        <file>src/main/synapse-config/endpoints/GovermentEmployee.xml</file>
    </artifact>
    <artifact name="Identify" groupId="com.example.Email&amp;msg.api" version="1.0.0" type="synapse/api" serverRole="EnterpriseServiceBus">
        <file>src/main/synapse-config/api/Identify.xml</file>
    </artifact>
</artifacts>
