<?xml version="1.0" encoding="UTF-8"?>
<api context="/confirma" hostname="http://localhost:" name="ConfirmApi" port="4000" xmlns="http://ws.apache.org/ns/synapse">
    <resource methods="GET">
        <inSequence>
            <log description="request.log">
                <property name="message" value="payment success"/>
            </log>
            <send>
                <endpoint key="AddPayment"/>
            </send>
        </inSequence>
        <outSequence>
            <send/>
        </outSequence>
        <faultSequence/>
    </resource>
</api>
